{
  "normalized_target_distribution": {
    "train": {
      "min": -0.46555384898089325,
      "max": 11.753189465121272,
      "mean": -2.23063039319015e-16,
      "median": -0.31108919047761185,
      "p95": 1.5927499141734696,
      "p99": 5.167092996186161,
      "p999": 8.461489066667127,
      "pct_eq_0": 0.0,
      "pct_lt_0_01": 76.76626383570097,
      "pct_lt_0_05": 78.57809570973355,
      "pct_lt_0_10": 80.54692017101951,
      "n_samples": 771374.0
    },
    "val": {
      "min": -0.46555384898089325,
      "max": 12.03375888516001,
      "mean": -0.11520566413310278,
      "median": -0.34321928776639543,
      "p95": 1.0008346776870949,
      "p99": 4.479640661147868,
      "p999": 8.064181496264771,
      "pct_eq_0": 0.0,
      "pct_lt_0_01": 86.06793913911491,
      "pct_lt_0_05": 87.36743398166914,
      "pct_lt_0_10": 88.646964517983,
      "n_samples": 165295.0
    },
    "test": {
      "min": -0.46555384898089325,
      "max": 10.862131965732887,
      "mean": -0.13102981832452326,
      "median": -0.3797980832109312,
      "p95": 1.073979481056782,
      "p99": 4.855491092023955,
      "p999": 7.569177428292738,
      "pct_eq_0": 0.0,
      "pct_lt_0_01": 87.1786805408512,
      "pct_lt_0_05": 88.04440545691037,
      "pct_lt_0_10": 88.92101999455518,
      "n_samples": 165295.0
    }
  },
  "prediction_diagnostics": {
    "global_metrics": {
      "nse": -0.1279039795581789,
      "rmse": 2.553447695157693,
      "mae": 0.8138888714340563
    },
    "severity_bias": {
      "base": {
        "bias": 0.5499895061854864,
        "n_samples": 152896.0
      },
      "pequeno": {
        "bias": 2.1502402932006417,
        "n_samples": 7178.0
      },
      "moderado": {
        "bias": 3.928528311268904,
        "n_samples": 4078.0
      },
      "grande": {
        "bias": -1.8618964895749395,
        "n_samples": 1008.0
      },
      "extremo": {
        "bias": -50.052758556713464,
        "n_samples": 58.0
      }
    },
    "peak_diagnostics": {
      "peak_real_mgd": 135.1509063026402,
      "peak_pred_mgd": 131.61810072651068,
      "peak_error_mgd": -3.532805576129533,
      "peak_error_pct": -2.6139710585577616,
      "max_pred_mgd": 131.61810072651068,
      "max_real_mgd": 135.1509063026402
    },
    "top_10_peak_pred_real_ratios": [
      {
        "rank": 1,
        "sample_index": 6112,
        "real_mgd": 135.1509063026402,
        "pred_mgd": 28.82280666234012,
        "pred_real_ratio": 0.21326387999054847
      },
      {
        "rank": 2,
        "sample_index": 6113,
        "real_mgd": 133.1767819668825,
        "pred_mgd": 34.208114639647306,
        "pred_real_ratio": 0.25686245105512423
      },
      {
        "rank": 3,
        "sample_index": 117606,
        "real_mgd": 104.86029124893709,
        "pred_mgd": 33.276162596616196,
        "pred_real_ratio": 0.31733807144993503
      },
      {
        "rank": 4,
        "sample_index": 108945,
        "real_mgd": 104.79948002680916,
        "pred_mgd": 8.368232791987149,
        "pred_real_ratio": 0.07984994572345624
      },
      {
        "rank": 5,
        "sample_index": 108946,
        "real_mgd": 104.19241546570086,
        "pred_mgd": 8.645269335371681,
        "pred_real_ratio": 0.08297407538476369
      },
      {
        "rank": 6,
        "sample_index": 117608,
        "real_mgd": 104.17618492740274,
        "pred_mgd": 20.36515403582399,
        "pred_real_ratio": 0.19548761600375225
      },
      {
        "rank": 7,
        "sample_index": 117607,
        "real_mgd": 103.07530622020376,
        "pred_mgd": 26.28581196612103,
        "pred_real_ratio": 0.25501560878185153
      },
      {
        "rank": 8,
        "sample_index": 99290,
        "real_mgd": 97.90431773833599,
        "pred_mgd": 26.20705784371136,
        "pred_real_ratio": 0.2676803071520672
      },
      {
        "rank": 9,
        "sample_index": 6114,
        "real_mgd": 93.51671278839406,
        "pred_mgd": 41.659396969220836,
        "pred_real_ratio": 0.44547542067144813
      },
      {
        "rank": 10,
        "sample_index": 111198,
        "real_mgd": 91.3521029405823,
        "pred_mgd": 0.22378633254212915,
        "pred_real_ratio": 0.002449711887723979
      }
    ]
  },
  "residual_diagnostics": {
    "mean": 0.6704251785998138,
    "median": 0.22378633254212915,
    "std": 2.463863878505779,
    "pct_overestimation_gt_2_mgd": 6.965342759263518,
    "pct_underestimation_gt_2_mgd": 0.5719715769468218,
    "corr_real_magnitude_vs_residual": -0.24181771127337778
  },
  "normalization_diagnostics": {
    "effective_target_range_norm": {
      "train": {
        "min": -0.46555384898089325,
        "max": 11.753189465121272,
        "range": 12.218743314102165
      },
      "val": {
        "min": -0.46555384898089325,
        "max": 12.03375888516001,
        "range": 12.499312734140902
      },
      "test": {
        "min": -0.46555384898089325,
        "max": 10.862131965732887,
        "range": 11.32768581471378
      }
    },
    "compression_p95_p99": {
      "p95_norm": 1.0748364508152002,
      "p99_norm": 4.856444206237777,
      "p95_real_mgd": 0.9507150183210866,
      "p99_real_mgd": 9.060282639369744,
      "norm_span_p95_p99": 3.7816077554225767,
      "real_span_p95_p99": 8.109567621048658,
      "norm_real_span_ratio": 0.4663143501766093
    },
    "high_mass_below_0_05_flags": {
      "train_gt_80pct": false,
      "val_gt_80pct": true,
      "test_gt_80pct": true,
      "any_split_gt_80pct": true
    }
  }
}