{
  "normalized_target_distribution": {
    "train": {
      "min": -0.46555384898089325,
      "max": 11.753189465121272,
      "mean": -2.23063039319015e-16,
      "median": -0.31108919047761185,
      "p95": 1.5927499141734696,
      "p99": 5.167092996186161,
      "p999": 8.461489066667127,
      "pct_eq_0": 0.0,
      "pct_lt_0_01": 76.76626383570097,
      "pct_lt_0_05": 78.57809570973355,
      "pct_lt_0_10": 80.54692017101951,
      "n_samples": 771374.0
    },
    "val": {
      "min": -0.46555384898089325,
      "max": 12.03375888516001,
      "mean": -0.11520566413310278,
      "median": -0.34321928776639543,
      "p95": 1.0008346776870949,
      "p99": 4.479640661147868,
      "p999": 8.064181496264771,
      "pct_eq_0": 0.0,
      "pct_lt_0_01": 86.06793913911491,
      "pct_lt_0_05": 87.36743398166914,
      "pct_lt_0_10": 88.646964517983,
      "n_samples": 165295.0
    },
    "test": {
      "min": -0.46555384898089325,
      "max": 10.862131965732887,
      "mean": -0.13102981832452326,
      "median": -0.3797980832109312,
      "p95": 1.073979481056782,
      "p99": 4.855491092023955,
      "p999": 7.569177428292738,
      "pct_eq_0": 0.0,
      "pct_lt_0_01": 87.1786805408512,
      "pct_lt_0_05": 88.04440545691037,
      "pct_lt_0_10": 88.92101999455518,
      "n_samples": 165295.0
    }
  },
  "prediction_diagnostics": {
    "global_metrics": {
      "nse": -0.32610265593334975,
      "rmse": 2.7687227813276993,
      "mae": 0.9250389970544297
    },
    "severity_bias": {
      "base": {
        "bias": 0.6686942580221343,
        "n_samples": 152896.0
      },
      "pequeno": {
        "bias": 2.4055189508701242,
        "n_samples": 7178.0
      },
      "moderado": {
        "bias": 4.279434486881356,
        "n_samples": 4078.0
      },
      "grande": {
        "bias": -3.5623007821151926,
        "n_samples": 1008.0
      },
      "extremo": {
        "bias": -54.67951592892837,
        "n_samples": 58.0
      }
    },
    "peak_diagnostics": {
      "peak_real_mgd": 135.1509063026402,
      "peak_pred_mgd": 108.51877752638366,
      "peak_error_mgd": -26.63212877625655,
      "peak_error_pct": -19.705475534599714,
      "max_pred_mgd": 108.51877752638366,
      "max_real_mgd": 135.1509063026402
    },
    "top_10_peak_pred_real_ratios": [
      {
        "rank": 1,
        "sample_index": 6112,
        "real_mgd": 135.1509063026402,
        "pred_mgd": 18.511969001967078,
        "pred_real_ratio": 0.13697258500445172
      },
      {
        "rank": 2,
        "sample_index": 6113,
        "real_mgd": 133.1767819668825,
        "pred_mgd": 19.160957072002237,
        "pred_real_ratio": 0.14387610804987805
      },
      {
        "rank": 3,
        "sample_index": 117606,
        "real_mgd": 104.86029124893709,
        "pred_mgd": 21.641567029960108,
        "pred_real_ratio": 0.2063847694126968
      },
      {
        "rank": 4,
        "sample_index": 108945,
        "real_mgd": 104.79948002680916,
        "pred_mgd": 0.22378633254212915,
        "pred_real_ratio": 0.002135376363364413
      },
      {
        "rank": 5,
        "sample_index": 108946,
        "real_mgd": 104.19241546570086,
        "pred_mgd": 0.22378633254212915,
        "pred_real_ratio": 0.002147817876588123
      },
      {
        "rank": 6,
        "sample_index": 117608,
        "real_mgd": 104.17618492740274,
        "pred_mgd": 13.854211360545623,
        "pred_real_ratio": 0.132988277217103
      },
      {
        "rank": 7,
        "sample_index": 117607,
        "real_mgd": 103.07530622020376,
        "pred_mgd": 17.526559421572298,
        "pred_real_ratio": 0.17003645261193434
      },
      {
        "rank": 8,
        "sample_index": 99290,
        "real_mgd": 97.90431773833599,
        "pred_mgd": 37.51891119601594,
        "pred_real_ratio": 0.3832201894945111
      },
      {
        "rank": 9,
        "sample_index": 6114,
        "real_mgd": 93.51671278839406,
        "pred_mgd": 19.857607561482332,
        "pred_real_ratio": 0.2123428740102889
      },
      {
        "rank": 10,
        "sample_index": 111198,
        "real_mgd": 91.3521029405823,
        "pred_mgd": 0.22378633254212915,
        "pred_real_ratio": 0.002449711887723979
      }
    ]
  },
  "residual_diagnostics": {
    "mean": 0.7880304508537218,
    "median": 0.22378633254212915,
    "std": 2.6542105885498746,
    "pct_overestimation_gt_2_mgd": 9.823384861213668,
    "pct_underestimation_gt_2_mgd": 0.5078139185802999,
    "corr_real_magnitude_vs_residual": -0.28993294574026524
  },
  "normalization_diagnostics": {
    "effective_target_range_norm": {
      "train": {
        "min": -0.46555384898089325,
        "max": 11.753189465121272,
        "range": 12.218743314102165
      },
      "val": {
        "min": -0.46555384898089325,
        "max": 12.03375888516001,
        "range": 12.499312734140902
      },
      "test": {
        "min": -0.46555384898089325,
        "max": 10.862131965732887,
        "range": 11.32768581471378
      }
    },
    "compression_p95_p99": {
      "p95_norm": 1.0748364508152002,
      "p99_norm": 4.856444206237777,
      "p95_real_mgd": 0.9507150183210866,
      "p99_real_mgd": 9.060282639369744,
      "norm_span_p95_p99": 3.7816077554225767,
      "real_span_p95_p99": 8.109567621048658,
      "norm_real_span_ratio": 0.4663143501766093
    },
    "high_mass_below_0_05_flags": {
      "train_gt_80pct": false,
      "val_gt_80pct": true,
      "test_gt_80pct": true,
      "any_split_gt_80pct": true
    }
  }
}