{
  "normalized_target_distribution": {
    "train": {
      "min": 0.0,
      "max": 1.0,
      "mean": 0.038101614627060534,
      "median": 0.01264161579734695,
      "p95": 0.16845462010637283,
      "p99": 0.4609841372693525,
      "p999": 0.7306023775247775,
      "pct_eq_0": 26.05752851405414,
      "pct_lt_0_01": 45.6196345741495,
      "pct_lt_0_05": 82.09039972827708,
      "pct_lt_0_10": 91.24108409150425,
      "n_samples": 771374.0
    },
    "val": {
      "min": 0.0,
      "max": 1.0229622157390705,
      "mean": 0.028673012914792878,
      "median": 0.010012041178842539,
      "p95": 0.12001140288916354,
      "p99": 0.4047220227976559,
      "p999": 0.6980861391368407,
      "pct_eq_0": 24.86282101696966,
      "pct_lt_0_01": 49.99667261562661,
      "pct_lt_0_05": 89.5332587192595,
      "pct_lt_0_10": 94.17042257781542,
      "n_samples": 165295.0
    },
    "test": {
      "min": 0.0,
      "max": 0.9270745381515644,
      "mean": 0.027377940763374728,
      "median": 0.007018378532511417,
      "p95": 0.12599768163235212,
      "p99": 0.4354821771944098,
      "p999": 0.6575742750893548,
      "pct_eq_0": 30.466136301763513,
      "pct_lt_0_01": 57.37257630297348,
      "pct_lt_0_05": 89.58407695332588,
      "pct_lt_0_10": 94.06092138298195,
      "n_samples": 165295.0
    }
  },
  "prediction_diagnostics": {
    "global_metrics": {
      "nse": -0.864093001847521,
      "rmse": 3.2826508307281417,
      "mae": 1.7566123016493933
    },
    "severity_bias": {
      "base": {
        "bias": 1.4979444926195358,
        "n_samples": 152898.0
      },
      "pequeno": {
        "bias": 3.9377685901795174,
        "n_samples": 7176.0
      },
      "moderado": {
        "bias": 4.978241764569583,
        "n_samples": 4078.0
      },
      "grande": {
        "bias": -4.772253787064402,
        "n_samples": 1008.0
      },
      "extremo": {
        "bias": -54.506624602296874,
        "n_samples": 58.0
      }
    },
    "peak_diagnostics": {
      "peak_real_mgd": 135.15090969217255,
      "peak_pred_mgd": 39.21385331306983,
      "peak_error_mgd": -95.93705637910271,
      "peak_error_pct": -70.98513550342683,
      "max_pred_mgd": 39.21385331306983,
      "max_real_mgd": 135.15090969217255
    },
    "top_10_peak_pred_real_ratios": [
      {
        "rank": 1,
        "sample_index": 6112,
        "real_mgd": 135.15090969217255,
        "pred_mgd": 22.758431437367086,
        "pred_real_ratio": 0.16839273586247397
      },
      {
        "rank": 2,
        "sample_index": 6113,
        "real_mgd": 133.17678204309715,
        "pred_mgd": 25.132144039703125,
        "pred_real_ratio": 0.1887126543692139
      },
      {
        "rank": 3,
        "sample_index": 117606,
        "real_mgd": 104.8603126519729,
        "pred_mgd": 22.62715110273777,
        "pred_real_ratio": 0.21578374630482325
      },
      {
        "rank": 4,
        "sample_index": 108945,
        "real_mgd": 104.7994962362704,
        "pred_mgd": 11.47011542435137,
        "pred_real_ratio": 0.1094481923700473
      },
      {
        "rank": 5,
        "sample_index": 108946,
        "real_mgd": 104.19238635668499,
        "pred_mgd": 11.457513162656701,
        "pred_real_ratio": 0.10996497501682939
      },
      {
        "rank": 6,
        "sample_index": 117608,
        "real_mgd": 104.17620333597633,
        "pred_mgd": 17.24884767097631,
        "pred_real_ratio": 0.1655737790265541
      },
      {
        "rank": 7,
        "sample_index": 117607,
        "real_mgd": 103.07529837839483,
        "pred_mgd": 20.48019905490462,
        "pred_real_ratio": 0.19869163007145255
      },
      {
        "rank": 8,
        "sample_index": 99290,
        "real_mgd": 97.90429514359964,
        "pred_mgd": 21.740731382082195,
        "pred_real_ratio": 0.22206105820172964
      },
      {
        "rank": 9,
        "sample_index": 6114,
        "real_mgd": 93.51669529923845,
        "pred_mgd": 23.9506846463226,
        "pred_real_ratio": 0.25611132396931097
      },
      {
        "rank": 10,
        "sample_index": 111198,
        "real_mgd": 91.35209172373195,
        "pred_mgd": 2.041094054235045,
        "pred_real_ratio": 0.02234315619622313
      }
    ]
  },
  "residual_diagnostics": {
    "mean": 1.6319020827469803,
    "median": 0.6953198495009592,
    "std": 2.8482787905691787,
    "pct_overestimation_gt_2_mgd": 23.35459816726991,
    "pct_underestimation_gt_2_mgd": 0.4817876986768996,
    "corr_real_magnitude_vs_residual": -0.3146946874710468
  },
  "normalization_diagnostics": {
    "effective_target_range_norm": {
      "train": {
        "min": 0.0,
        "max": 1.0,
        "range": 1.0
      },
      "val": {
        "min": 0.0,
        "max": 1.0229622157390705,
        "range": 1.0229622157390705
      },
      "test": {
        "min": 0.0,
        "max": 0.9270745381515644,
        "range": 0.9270745381515644
      }
    },
    "compression_p95_p99": {
      "p95_norm": 0.12606782242655748,
      "p99_norm": 0.43556017190217844,
      "p95_real_mgd": 0.9507150712941681,
      "p99_real_mgd": 9.060282129176782,
      "norm_span_p95_p99": 0.309492349475621,
      "real_span_p95_p99": 8.109567057882614,
      "norm_real_span_ratio": 0.03816385600693566
    },
    "high_mass_below_0_05_flags": {
      "train_gt_80pct": true,
      "val_gt_80pct": true,
      "test_gt_80pct": true,
      "any_split_gt_80pct": true
    }
  }
}