{
  "normalized_target_distribution": {
    "train": {
      "min": -0.46555384898089325,
      "max": 11.753189465121272,
      "mean": -2.23063039319015e-16,
      "median": -0.31108919047761185,
      "p95": 1.5927499141734696,
      "p99": 5.167092996186161,
      "p999": 8.461489066667127,
      "pct_eq_0": 0.0,
      "pct_lt_0_01": 76.76626383570097,
      "pct_lt_0_05": 78.57809570973355,
      "pct_lt_0_10": 80.54692017101951,
      "n_samples": 771374.0
    },
    "val": {
      "min": -0.46555384898089325,
      "max": 12.03375888516001,
      "mean": -0.11520566413310278,
      "median": -0.34321928776639543,
      "p95": 1.0008346776870949,
      "p99": 4.479640661147868,
      "p999": 8.064181496264771,
      "pct_eq_0": 0.0,
      "pct_lt_0_01": 86.06793913911491,
      "pct_lt_0_05": 87.36743398166914,
      "pct_lt_0_10": 88.646964517983,
      "n_samples": 165295.0
    },
    "test": {
      "min": -0.46555384898089325,
      "max": 10.862131965732887,
      "mean": -0.13102981832452326,
      "median": -0.3797980832109312,
      "p95": 1.073979481056782,
      "p99": 4.855491092023955,
      "p999": 7.569177428292738,
      "pct_eq_0": 0.0,
      "pct_lt_0_01": 87.1786805408512,
      "pct_lt_0_05": 88.04440545691037,
      "pct_lt_0_10": 88.92101999455518,
      "n_samples": 165295.0
    }
  },
  "prediction_diagnostics": {
    "global_metrics": {
      "nse": -0.2272962567274397,
      "rmse": 2.663579149114111,
      "mae": 0.9024624678103388
    },
    "severity_bias": {
      "base": {
        "bias": 0.6053942137953616,
        "n_samples": 152896.0
      },
      "pequeno": {
        "bias": 2.58904621785034,
        "n_samples": 7178.0
      },
      "moderado": {
        "bias": 5.185665752874236,
        "n_samples": 4078.0
      },
      "grande": {
        "bias": -1.447239637345147,
        "n_samples": 1008.0
      },
      "extremo": {
        "bias": -50.227050352865824,
        "n_samples": 58.0
      }
    },
    "peak_diagnostics": {
      "peak_real_mgd": 135.1509063026402,
      "peak_pred_mgd": 129.26569605599724,
      "peak_error_mgd": -5.88521024664297,
      "peak_error_pct": -4.3545473779246135,
      "max_pred_mgd": 129.26569605599724,
      "max_real_mgd": 135.1509063026402
    },
    "top_10_peak_pred_real_ratios": [
      {
        "rank": 1,
        "sample_index": 6112,
        "real_mgd": 135.1509063026402,
        "pred_mgd": 32.857876846542005,
        "pred_real_ratio": 0.24311991495613167
      },
      {
        "rank": 2,
        "sample_index": 6113,
        "real_mgd": 133.1767819668825,
        "pred_mgd": 33.48493886752514,
        "pred_real_ratio": 0.2514322569819411
      },
      {
        "rank": 3,
        "sample_index": 117606,
        "real_mgd": 104.86029124893709,
        "pred_mgd": 31.8181680776055,
        "pred_real_ratio": 0.303433909048274
      },
      {
        "rank": 4,
        "sample_index": 108945,
        "real_mgd": 104.79948002680916,
        "pred_mgd": 0.22378633254212915,
        "pred_real_ratio": 0.002135376363364413
      },
      {
        "rank": 5,
        "sample_index": 108946,
        "real_mgd": 104.19241546570086,
        "pred_mgd": 0.22378633254212915,
        "pred_real_ratio": 0.002147817876588123
      },
      {
        "rank": 6,
        "sample_index": 117608,
        "real_mgd": 104.17618492740274,
        "pred_mgd": 17.39362754990671,
        "pred_real_ratio": 0.1669635681324653
      },
      {
        "rank": 7,
        "sample_index": 117607,
        "real_mgd": 103.07530622020376,
        "pred_mgd": 21.38005289019563,
        "pred_real_ratio": 0.2074216771621381
      },
      {
        "rank": 8,
        "sample_index": 99290,
        "real_mgd": 97.90431773833599,
        "pred_mgd": 18.15059350765053,
        "pred_real_ratio": 0.18539114440448604
      },
      {
        "rank": 9,
        "sample_index": 6114,
        "real_mgd": 93.51671278839406,
        "pred_mgd": 20.89748972091295,
        "pred_real_ratio": 0.2234626207210573
      },
      {
        "rank": 10,
        "sample_index": 111198,
        "real_mgd": 91.3521029405823,
        "pred_mgd": 0.22378633254212915,
        "pred_real_ratio": 0.002449711887723979
      }
    ]
  },
  "residual_diagnostics": {
    "mean": 0.7742599833522762,
    "median": 0.22378633254212915,
    "std": 2.5485633917512795,
    "pct_overestimation_gt_2_mgd": 8.48999503686039,
    "pct_underestimation_gt_2_mgd": 0.4593930443414156,
    "corr_real_magnitude_vs_residual": -0.21119270030259452
  },
  "normalization_diagnostics": {
    "effective_target_range_norm": {
      "train": {
        "min": -0.46555384898089325,
        "max": 11.753189465121272,
        "range": 12.218743314102165
      },
      "val": {
        "min": -0.46555384898089325,
        "max": 12.03375888516001,
        "range": 12.499312734140902
      },
      "test": {
        "min": -0.46555384898089325,
        "max": 10.862131965732887,
        "range": 11.32768581471378
      }
    },
    "compression_p95_p99": {
      "p95_norm": 1.0748364508152002,
      "p99_norm": 4.856444206237777,
      "p95_real_mgd": 0.9507150183210866,
      "p99_real_mgd": 9.060282639369744,
      "norm_span_p95_p99": 3.7816077554225767,
      "real_span_p95_p99": 8.109567621048658,
      "norm_real_span_ratio": 0.4663143501766093
    },
    "high_mass_below_0_05_flags": {
      "train_gt_80pct": false,
      "val_gt_80pct": true,
      "test_gt_80pct": true,
      "any_split_gt_80pct": true
    }
  }
}