{
  "normalized_target_distribution": {
    "train": {
      "min": 0.0,
      "max": 1.0,
      "mean": 0.0026720572744082928,
      "median": 0.0003475515171150315,
      "p95": 0.00723238157044137,
      "p99": 0.05271717080025622,
      "p999": 0.2360030201374245,
      "pct_eq_0": 26.05752851405414,
      "pct_lt_0_01": 96.09061233590968,
      "pct_lt_0_05": 98.93644328172844,
      "pct_lt_0_10": 99.5974715248375,
      "n_samples": 771374.0
    },
    "val": {
      "min": 0.0,
      "max": 1.130071531418306,
      "mean": 0.0019871952259730846,
      "median": 0.0002733269506893105,
      "p95": 0.0044589405245570295,
      "p99": 0.03783081713724867,
      "p999": 0.19784718064504464,
      "pct_eq_0": 24.86282101696966,
      "pct_lt_0_01": 97.08763120481562,
      "pct_lt_0_05": 99.22441695151093,
      "pct_lt_0_10": 99.67452131038446,
      "n_samples": 165295.0
    },
    "test": {
      "min": 0.0,
      "max": 0.6778051996314851,
      "mean": 0.0019299924575543592,
      "median": 0.00019007507213073154,
      "p95": 0.004764364585052057,
      "p99": 0.04541803225659225,
      "p999": 0.15864668655015865,
      "pct_eq_0": 30.466136301763513,
      "pct_lt_0_01": 96.88314831059621,
      "pct_lt_0_05": 99.10523609304576,
      "pct_lt_0_10": 99.69751051150972,
      "n_samples": 165295.0
    }
  },
  "prediction_diagnostics": {
    "global_metrics": {
      "nse": -26.638536627835563,
      "rmse": 12.64003935002284,
      "mae": 8.741301425921328
    },
    "severity_bias": {
      "base": {
        "bias": 8.375819771723801,
        "n_samples": 152896.0
      },
      "pequeno": {
        "bias": 11.312771835407823,
        "n_samples": 7178.0
      },
      "moderado": {
        "bias": 15.059769829997423,
        "n_samples": 4078.0
      },
      "grande": {
        "bias": 11.540897266527319,
        "n_samples": 1008.0
      },
      "extremo": {
        "bias": -31.786678877287137,
        "n_samples": 58.0
      }
    },
    "peak_diagnostics": {
      "peak_real_mgd": 135.15089714596272,
      "peak_pred_mgd": 70.66994579455256,
      "peak_error_mgd": -64.48095135141016,
      "peak_error_pct": -47.710339119518274,
      "max_pred_mgd": 70.66994579455256,
      "max_real_mgd": 135.15089714596272
    },
    "top_10_peak_pred_real_ratios": [
      {
        "rank": 1,
        "sample_index": 6112,
        "real_mgd": 135.15089714596272,
        "pred_mgd": 52.619466690802575,
        "pred_real_ratio": 0.38933864148880676
      },
      {
        "rank": 2,
        "sample_index": 6113,
        "real_mgd": 133.17679776738882,
        "pred_mgd": 55.642524005782604,
        "pred_real_ratio": 0.41780944532823017
      },
      {
        "rank": 3,
        "sample_index": 117606,
        "real_mgd": 104.86030544213057,
        "pred_mgd": 50.351317994490266,
        "pred_real_ratio": 0.4801751986339362
      },
      {
        "rank": 4,
        "sample_index": 108945,
        "real_mgd": 104.79950248719454,
        "pred_mgd": 23.219920245138557,
        "pred_real_ratio": 0.22156517630392186
      },
      {
        "rank": 5,
        "sample_index": 108946,
        "real_mgd": 104.19239995708466,
        "pred_mgd": 20.12926183405295,
        "pred_real_ratio": 0.19319318724152532
      },
      {
        "rank": 6,
        "sample_index": 117608,
        "real_mgd": 104.17620088992716,
        "pred_mgd": 41.636270374415815,
        "pred_real_ratio": 0.39967161423374237
      },
      {
        "rank": 7,
        "sample_index": 117607,
        "real_mgd": 103.07529422091245,
        "pred_mgd": 47.755185727687184,
        "pred_real_ratio": 0.4633038992383333
      },
      {
        "rank": 8,
        "sample_index": 99290,
        "real_mgd": 97.90429764818549,
        "pred_mgd": 38.31886959135831,
        "pred_real_ratio": 0.39139108815279355
      },
      {
        "rank": 9,
        "sample_index": 6114,
        "real_mgd": 93.51669770878256,
        "pred_mgd": 54.28671081263423,
        "pred_real_ratio": 0.5805028635815049
      },
      {
        "rank": 10,
        "sample_index": 111198,
        "real_mgd": 91.35210181668401,
        "pred_mgd": 29.865167119506,
        "pred_real_ratio": 0.3269236998994981
      }
    ]
  },
  "residual_diagnostics": {
    "mean": 8.673605505989334,
    "median": 6.785831298772573,
    "std": 9.194518056787823,
    "pct_overestimation_gt_2_mgd": 66.98664794392862,
    "pct_underestimation_gt_2_mgd": 0.15857836313234636,
    "corr_real_magnitude_vs_residual": 0.0026503718573975634
  },
  "normalization_diagnostics": {
    "effective_target_range_norm": {
      "train": {
        "min": 0.0,
        "max": 1.0,
        "range": 1.0
      },
      "val": {
        "min": 0.0,
        "max": 1.130071531418306,
        "range": 1.130071531418306
      },
      "test": {
        "min": 0.0,
        "max": 0.6778051996314851,
        "range": 0.6778051996314851
      }
    },
    "compression_p95_p99": {
      "p95_norm": 0.004768000706098971,
      "p99_norm": 0.04543888606131042,
      "p95_real_mgd": 0.9507150239925337,
      "p99_real_mgd": 9.060282142306386,
      "norm_span_p95_p99": 0.04067088535521145,
      "real_span_p95_p99": 8.109567118313853,
      "norm_real_span_ratio": 0.005015173407143311
    },
    "high_mass_below_0_05_flags": {
      "train_gt_80pct": true,
      "val_gt_80pct": true,
      "test_gt_80pct": true,
      "any_split_gt_80pct": true
    }
  }
}