{
  "normalized_target_distribution": {
    "train": {
      "min": -0.46555384898089325,
      "max": 11.753189465121272,
      "mean": -2.23063039319015e-16,
      "median": -0.31108919047761185,
      "p95": 1.5927499141734696,
      "p99": 5.167092996186161,
      "p999": 8.461489066667127,
      "pct_eq_0": 0.0,
      "pct_lt_0_01": 76.76626383570097,
      "pct_lt_0_05": 78.57809570973355,
      "pct_lt_0_10": 80.54692017101951,
      "n_samples": 771374.0
    },
    "val": {
      "min": -0.46555384898089325,
      "max": 12.03375888516001,
      "mean": -0.11520566413310278,
      "median": -0.34321928776639543,
      "p95": 1.0008346776870949,
      "p99": 4.479640661147868,
      "p999": 8.064181496264771,
      "pct_eq_0": 0.0,
      "pct_lt_0_01": 86.06793913911491,
      "pct_lt_0_05": 87.36743398166914,
      "pct_lt_0_10": 88.646964517983,
      "n_samples": 165295.0
    },
    "test": {
      "min": -0.46555384898089325,
      "max": 10.862131965732887,
      "mean": -0.13102981832452326,
      "median": -0.3797980832109312,
      "p95": 1.073979481056782,
      "p99": 4.855491092023955,
      "p999": 7.569177428292738,
      "pct_eq_0": 0.0,
      "pct_lt_0_01": 87.1786805408512,
      "pct_lt_0_05": 88.04440545691037,
      "pct_lt_0_10": 88.92101999455518,
      "n_samples": 165295.0
    }
  },
  "prediction_diagnostics": {
    "global_metrics": {
      "nse": -1.2455861508631187,
      "rmse": 3.6029294844857445,
      "mae": 1.9055020877767974
    },
    "severity_bias": {
      "base": {
        "bias": 1.6206501574132108,
        "n_samples": 152896.0
      },
      "pequeno": {
        "bias": 3.9858473157484435,
        "n_samples": 7178.0
      },
      "moderado": {
        "bias": 5.6243218320426855,
        "n_samples": 4078.0
      },
      "grande": {
        "bias": 0.15971213378314422,
        "n_samples": 1008.0
      },
      "extremo": {
        "bias": -51.10556284848217,
        "n_samples": 58.0
      }
    },
    "peak_diagnostics": {
      "peak_real_mgd": 135.1509063026402,
      "peak_pred_mgd": 288.9183038390205,
      "peak_error_mgd": 153.7673975363803,
      "peak_error_pct": 113.77459592616613,
      "max_pred_mgd": 288.9183038390205,
      "max_real_mgd": 135.1509063026402
    },
    "top_10_peak_pred_real_ratios": [
      {
        "rank": 1,
        "sample_index": 6112,
        "real_mgd": 135.1509063026402,
        "pred_mgd": 26.09005867421649,
        "pred_real_ratio": 0.19304390468380317
      },
      {
        "rank": 2,
        "sample_index": 6113,
        "real_mgd": 133.1767819668825,
        "pred_mgd": 42.44685160321795,
        "pred_real_ratio": 0.3187256140020965
      },
      {
        "rank": 3,
        "sample_index": 117606,
        "real_mgd": 104.86029124893709,
        "pred_mgd": 26.546904472154576,
        "pred_real_ratio": 0.25316451209478846
      },
      {
        "rank": 4,
        "sample_index": 108945,
        "real_mgd": 104.79948002680916,
        "pred_mgd": 8.139918684537019,
        "pred_real_ratio": 0.07767136518668523
      },
      {
        "rank": 5,
        "sample_index": 108946,
        "real_mgd": 104.19241546570086,
        "pred_mgd": 7.99993355360248,
        "pred_real_ratio": 0.07678038288915551
      },
      {
        "rank": 6,
        "sample_index": 117608,
        "real_mgd": 104.17618492740274,
        "pred_mgd": 16.640470130976215,
        "pred_real_ratio": 0.1597339175222481
      },
      {
        "rank": 7,
        "sample_index": 117607,
        "real_mgd": 103.07530622020376,
        "pred_mgd": 23.992087019591022,
        "pred_real_ratio": 0.23276270427308554
      },
      {
        "rank": 8,
        "sample_index": 99290,
        "real_mgd": 97.90431773833599,
        "pred_mgd": 16.22416028785889,
        "pred_real_ratio": 0.16571445123820175
      },
      {
        "rank": 9,
        "sample_index": 6114,
        "real_mgd": 93.51671278839406,
        "pred_mgd": 35.98386359879138,
        "pred_real_ratio": 0.38478537713589495
      },
      {
        "rank": 10,
        "sample_index": 111198,
        "real_mgd": 91.3521029405823,
        "pred_mgd": 4.909061088503409,
        "pred_real_ratio": 0.05373780055940678
      }
    ]
  },
  "residual_diagnostics": {
    "mean": 1.7948055908981109,
    "median": 0.4757118352373022,
    "std": 3.124063661492447,
    "pct_overestimation_gt_2_mgd": 31.193332445617305,
    "pct_underestimation_gt_2_mgd": 0.4061300826786428,
    "corr_real_magnitude_vs_residual": -0.16699714436092972
  },
  "normalization_diagnostics": {
    "effective_target_range_norm": {
      "train": {
        "min": -0.46555384898089325,
        "max": 11.753189465121272,
        "range": 12.218743314102165
      },
      "val": {
        "min": -0.46555384898089325,
        "max": 12.03375888516001,
        "range": 12.499312734140902
      },
      "test": {
        "min": -0.46555384898089325,
        "max": 10.862131965732887,
        "range": 11.32768581471378
      }
    },
    "compression_p95_p99": {
      "p95_norm": 1.0748364508152002,
      "p99_norm": 4.856444206237777,
      "p95_real_mgd": 0.9507150183210866,
      "p99_real_mgd": 9.060282639369744,
      "norm_span_p95_p99": 3.7816077554225767,
      "real_span_p95_p99": 8.109567621048658,
      "norm_real_span_ratio": 0.4663143501766093
    },
    "high_mass_below_0_05_flags": {
      "train_gt_80pct": false,
      "val_gt_80pct": true,
      "test_gt_80pct": true,
      "any_split_gt_80pct": true
    }
  }
}