{
  "H1_sinSF": {
    "global": {
      "nse": 0.8613688326732427,
      "rmse": 0.8935640489597053,
      "mae": 0.29307297796284676,
      "peak_real": 134.80831853029136,
      "peak_pred": 106.47560455584153,
      "peak_err_pct": -21.017036844119886,
      "bias_base": 0.2063191825311323,
      "bias_ext": -12.705626448445926,
      "n_total": 165223
    },
    "ranges": {
      "Base": {
        "n": 152904,
        "nse": -14.513239328925843,
        "rmse": 0.34442130973596535,
        "mae": 0.21176785964663758,
        "mape": 73605.74376894343,
        "bias": 0.2063191825311323
      },
      "Leve": {
        "n": 9518,
        "nse": -0.2555209772799796,
        "rmse": 1.2220792623898602,
        "mae": 0.7095822694946033,
        "mape": 59.828343368316006,
        "bias": 0.5537120285766638
      },
      "Moderado": {
        "n": 2305,
        "nse": 0.19143401768707213,
        "rmse": 3.639326889769944,
        "mae": 2.4237248171507773,
        "mape": 25.762005453226394,
        "bias": 1.4650282123347944
      },
      "Alto": {
        "n": 437,
        "nse": 0.020636332493015996,
        "rmse": 7.314420322829959,
        "mae": 5.536618320209507,
        "mape": 19.900411638931963,
        "bias": 0.0500758686444917
      },
      "Extremo": {
        "n": 59,
        "nse": -0.9855171854458267,
        "rmse": 27.819404503455768,
        "mae": 21.733082644614235,
        "mape": 30.341901679315963,
        "bias": -12.705626448445926
      }
    }
  },
  "H1_conSF": {
    "global": {
      "nse": 0.8542044471155371,
      "rmse": 0.9163626634244625,
      "mae": 0.24231480770253774,
      "peak_real": 134.80831853029136,
      "peak_pred": 214.03870599638825,
      "peak_err_pct": 58.77262496104338,
      "bias_base": 0.18122687343059313,
      "bias_ext": -8.86497437762857,
      "n_total": 165223
    },
    "ranges": {
      "Base": {
        "n": 152904,
        "nse": -9.733624376858023,
        "rmse": 0.28649164702216046,
        "mae": 0.18626972830947008,
        "mape": 71289.11830460926,
        "bias": 0.18122687343059313
      },
      "Leve": {
        "n": 9518,
        "nse": 0.4097573141023292,
        "rmse": 0.8379202670715848,
        "mae": 0.39922090897662005,
        "mape": 32.38747383842931,
        "bias": 0.353904124596834
      },
      "Moderado": {
        "n": 2305,
        "nse": 0.5181984315613453,
        "rmse": 2.8092955941948667,
        "mae": 1.6594100177917082,
        "mape": 17.095865221396775,
        "bias": 0.43522156517686905
      },
      "Alto": {
        "n": 437,
        "nse": 0.02067729855156497,
        "rmse": 7.314267342831483,
        "mae": 5.308550762743675,
        "mape": 18.62020318192424,
        "bias": -2.4756796704478425
      },
      "Extremo": {
        "n": 59,
        "nse": -2.3890395855086357,
        "rmse": 36.34538929514112,
        "mae": 27.288670332827696,
        "mape": 39.79087627258772,
        "bias": -8.86497437762857
      }
    }
  },
  "H3_sinSF": {
    "global": {
      "nse": 0.4714317921053639,
      "rmse": 1.744810745664663,
      "mae": 0.3789613643637967,
      "peak_real": 134.80831853029136,
      "peak_pred": 64.56268018279499,
      "peak_err_pct": -52.10779209571715,
      "bias_base": 0.24529239623162064,
      "bias_ext": -15.886064757095724,
      "n_total": 165221
    },
    "ranges": {
      "Base": {
        "n": 152902,
        "nse": -99.06402812644357,
        "rmse": 0.874740325524789,
        "mae": 0.2515791493587275,
        "mape": 84822.76333535014,
        "bias": 0.24529239623162064
      },
      "Leve": {
        "n": 9518,
        "nse": -3.0015906908201755,
        "rmse": 2.181743646577586,
        "mae": 0.9737593962522103,
        "mape": 79.52633601269021,
        "bias": 0.6929173972977168
      },
      "Moderado": {
        "n": 2305,
        "nse": -1.3680508071984963,
        "rmse": 6.228146812570668,
        "mae": 3.865362233197701,
        "mape": 40.39332625568573,
        "bias": 2.394768031244597
      },
      "Alto": {
        "n": 437,
        "nse": -3.0457389931108327,
        "rmse": 14.86643546089112,
        "mae": 8.696621994436832,
        "mape": 30.131870211359264,
        "bias": -0.2664118715615104
      },
      "Extremo": {
        "n": 59,
        "nse": -5.726869113009124,
        "rmse": 51.20560395790592,
        "mae": 36.73042023194175,
        "mape": 50.27922948922283,
        "bias": -15.886064757095724
      }
    }
  },
  "H3_conSF": {
    "global": {
      "nse": 0.4878111760444449,
      "rmse": 1.7175637173029685,
      "mae": 0.35421428704868974,
      "peak_real": 134.80831853029136,
      "peak_pred": 69.27282471769466,
      "peak_err_pct": -48.613835204739914,
      "bias_base": 0.23933517693645562,
      "bias_ext": -20.377434107162067,
      "n_total": 165221
    },
    "ranges": {
      "Base": {
        "n": 152902,
        "nse": -125.39442326990363,
        "rmse": 0.9831145268357572,
        "mae": 0.24445685347940943,
        "mape": 86207.42234522963,
        "bias": 0.23933517693645562
      },
      "Leve": {
        "n": 9518,
        "nse": -2.578352454916512,
        "rmse": 2.0631411690806316,
        "mae": 0.8071895970648867,
        "mape": 65.33907060407981,
        "bias": 0.7127434671072467
      },
      "Moderado": {
        "n": 2305,
        "nse": -1.0726540366436739,
        "rmse": 5.826754787075177,
        "mae": 3.2873600891299084,
        "mape": 34.36322234460084,
        "bias": 1.6927399715554479
      },
      "Alto": {
        "n": 437,
        "nse": -4.185644948281469,
        "rmse": 16.83097629132645,
        "mae": 9.15659172144486,
        "mape": 31.715154111426465,
        "bias": -1.3546892382965294
      },
      "Extremo": {
        "n": 59,
        "nse": -3.2204770360517125,
        "rmse": 40.55942363916133,
        "mae": 31.933402325143717,
        "mape": 44.26475337352763,
        "bias": -20.377434107162067
      }
    }
  },
  "H6_sinSF": {
    "global": {
      "nse": -1.2121411253133032,
      "rmse": 3.569505577016428,
      "mae": 1.2111579884916386,
      "peak_real": 134.80831853029136,
      "peak_pred": 29.36163499493208,
      "peak_err_pct": -78.21971573042465,
      "bias_base": 0.9421686360395812,
      "bias_ext": -50.46411405115914,
      "n_total": 165218
    },
    "ranges": {
      "Base": {
        "n": 152899,
        "nse": -1056.1027380061978,
        "rmse": 2.8431569871343623,
        "mae": 0.9447138443015728,
        "mape": 315069.1108556838,
        "bias": 0.9421686360395812
      },
      "Leve": {
        "n": 9518,
        "nse": -23.616197997220613,
        "rmse": 5.411253455253932,
        "mae": 3.3118390439539502,
        "mape": 272.3646288129995,
        "bias": 3.2094803234063245
      },
      "Moderado": {
        "n": 2305,
        "nse": -5.1974938051836155,
        "rmse": 10.07561081803154,
        "mae": 6.6053600121661775,
        "mape": 74.33002935740927,
        "bias": 4.48137964948447
      },
      "Alto": {
        "n": 437,
        "nse": -5.834128106218458,
        "rmse": 19.32188428573446,
        "mae": 13.290447999811937,
        "mape": 46.669902435211974,
        "bias": -5.330083994909692
      },
      "Extremo": {
        "n": 59,
        "nse": -7.404912843986837,
        "rmse": 57.23709865559179,
        "mae": 52.60904810899736,
        "mape": 75.57128892018474,
        "bias": -50.46411405115914
      }
    }
  },
  "H6_conSF": {
    "global": {
      "nse": 0.2545692154165693,
      "rmse": 2.0720742421981955,
      "mae": 0.4928447854322299,
      "peak_real": 134.80831853029136,
      "peak_pred": 15.918088939182457,
      "peak_err_pct": -88.19205735022526,
      "bias_base": 0.27708581373158114,
      "bias_ext": -57.357602631515924,
      "n_total": 165218
    },
    "ranges": {
      "Base": {
        "n": 152899,
        "nse": -115.94002705413953,
        "rmse": 0.9456356497096148,
        "mae": 0.2818631594550617,