{
  "0.1": {
    "nse": 0.8542843461036682,
    "rmse": 0.916111409664154,
    "mae": 0.14080898463726044,
    "peak_err_pct": 58.7726577079247,
    "bias_base": -0.025092096999287605,
    "fp": 5520,
    "fn_gt10": 0,
    "fn_gt50": 0,
    "peak_real": 134.8083038330078,
    "peak_pred": 214.03872680664062,
    "ranges": {
      "Base": {
        "n": 152904,
        "nse": -9.644472122192383,
        "rmse": 0.2852993905544281,
        "mae": 0.0764823853969574,
        "mape": 3870.8779296875,
        "bias": -0.025092096999287605
      },
      "Leve": {
        "n": 9518,
        "nse": 0.40726780891418457,
        "rmse": 0.8396854400634766,
        "mae": 0.40088337659835815,
        "mape": 32.62925338745117,
        "bias": 0.3551555871963501
      },
      "Moderado": {
        "n": 2305,
        "nse": 0.5181984901428223,
        "rmse": 2.809295415878296,
        "mae": 1.659409999847412,
        "mape": 17.09586524963379,
        "bias": 0.4352215826511383
      },
      "Alto": {
        "n": 437,
        "nse": 0.02067732810974121,
        "rmse": 7.314267158508301,
        "mae": 5.308550834655762,
        "mape": 18.620201110839844,
        "bias": -2.475679874420166
      },
      "Extremo": {
        "n": 59,
        "nse": -2.389040231704712,
        "rmse": 36.34539031982422,
        "mae": 27.28866958618164,
        "mape": 39.79087448120117,
        "bias": -8.864975929260254
      }
    }
  },
  "0.15": {
    "nse": 0.8551090955734253,
    "rmse": 0.9135150909423828,
    "mae": 0.13877780735492706,
    "peak_err_pct": 58.7726577079247,
    "bias_base": -0.029255077242851257,
    "fp": 4930,
    "fn_gt10": 0,
    "fn_gt50": 0,
    "peak_real": 134.8083038330078,
    "peak_pred": 214.03872680664062,
    "ranges": {
      "Base": {
        "n": 152904,
        "nse": -8.97397518157959,
        "rmse": 0.27616772055625916,
        "mae": 0.0742841511964798,
        "mape": 3424.87060546875,
        "bias": -0.029255077242851257
      },
      "Leve": {
        "n": 9518,
        "nse": 0.4073496460914612,
        "rmse": 0.8396274447441101,
        "mae": 0.400938481092453,
        "mape": 32.64226531982422,
        "bias": 0.35458216071128845
      },
      "Moderado": {
        "n": 2305,
        "nse": 0.5181984901428223,
        "rmse": 2.809295415878296,
        "mae": 1.659409999847412,
        "mape": 17.09586524963379,
        "bias": 0.4352215826511383
      },
      "Alto": {
        "n": 437,
        "nse": 0.02067732810974121,
        "rmse": 7.314267158508301,
        "mae": 5.308550834655762,
        "mape": 18.620201110839844,
        "bias": -2.475679874420166
      },
      "Extremo": {
        "n": 59,
        "nse": -2.389040231704712,
        "rmse": 36.34539031982422,
        "mae": 27.28866958618164,
        "mape": 39.79087448120117,
        "bias": -8.864975929260254
      }
    }
  },
  "0.2": {
    "nse": 0.8558399677276611,
    "rmse": 0.9112082123756409,
    "mae": 0.13750264048576355,
    "peak_err_pct": 58.7726577079247,
    "bias_base": -0.032188765704631805,
    "fp": 4509,
    "fn_gt10": 0,
    "fn_gt50": 0,
    "peak_real": 134.8083038330078,
    "peak_pred": 214.03872680664062,
    "ranges": {
      "Base": {
        "n": 152904,
        "nse": -8.378223419189453,
        "rmse": 0.2677929103374481,
        "mae": 0.07288538664579391,
        "mape": 3047.154052734375,
        "bias": -0.032188765704631805
      },
      "Leve": {
        "n": 9518,
        "nse": 0.40725499391555786,
        "rmse": 0.8396945595741272,
        "mae": 0.40127402544021606,
        "mape": 32.69918441772461,
        "bias": 0.35314202308654785
      },
      "Moderado": {
        "n": 2305,
        "nse": 0.5181984901428223,
        "rmse": 2.809295415878296,
        "mae": 1.659409999847412,
        "mape": 17.09586524963379,
        "bias": 0.4352215826511383
      },
      "Alto": {
        "n": 437,
        "nse": 0.02067732810974121,
        "rmse": 7.314267158508301,
        "mae": 5.308550834655762,
        "mape": 18.620201110839844,
        "bias": -2.475679874420166
      },
      "Extremo": {
        "n": 59,
        "nse": -2.389040231704712,
        "rmse": 36.34539031982422,
        "mae": 27.28866958618164,
        "mape": 39.79087448120117,
        "bias": -8.864975929260254
      }
    }
  },
  "0.25": {
    "nse": 0.8574584722518921,
    "rmse": 0.9060786366462708,
    "mae": 0.13611872494220734,
    "peak_err_pct": 58.7726577079247,
    "bias_base": -0.03476622328162193,
    "fp": 4203,
    "fn_gt10": 0,
    "fn_gt50": 0,
    "peak_real": 134.8083038330078,
    "peak_pred": 214.03872680664062,
    "ranges": {
      "Base": {
        "n": 152904,
        "nse": -7.066654205322266,
        "rmse": 0.248362198472023,
        "mae": 0.07139016687870026,
        "mape": 2773.510498046875,
        "bias": -0.03476622328162193
      },
      "Leve": {
        "n": 9518,
        "nse": 0.40784454345703125,
        "rmse": 0.8392768502235413,
        "mae": 0.40127018094062805,
        "mape": 32.716796875,
        "bias": 0.3522121012210846
      },
      "Moderado": {
        "n": 2305,
        "nse": 0.5181984901428223,
        "rmse": 2.809295415878296,
        "mae": 1.659409999847412,
        "mape": 17.09586524963379,
        "bias": 0.4352215826511383
      },
      "Alto": {
        "n": 437,
        "nse": 0.02067732810974121,
        "rmse": 7.314267158508301,
        "mae": 5.308550834655762,
        "mape": 18.620201110839844,
        "bias": -2.475679874420166
      },
      "Extremo": {
        "n": 59,
        "nse": -2.389040231704712,
        "rmse": 36.34539031982422,
        "mae": 27.28866958618164,
        "mape": 39.79087448120117,
        "bias": -8.864975929260254
      }
    }
  },
  "0.3": {
    "nse": 0.8581676483154297,
    "rmse": 0.9038220047950745,
    "mae": 0.13518701493740082,
    "peak_err_pct": 58.7726577079247,
    "bias_base": -0.0368354432284832,
    "fp": 3911,
    "fn_gt10": 0,
    "fn_gt50": 0,
    "peak_real": 134.8083038330078,
    "peak_pred": 214.03872680664062,
    "ranges": {
      "Base": {
        "n": 152904,
        "nse": -6.4896111488342285,
        "rmse": 0.23931416869163513,
        "mae": 0.07037924975156784,
        "mape": 2617.23779296875,
        "bias": -0.0368354432284832
      },
      "Leve": {
        "n": 9518,
        "nse": 0.4078534245491028,
        "rmse": 0.8392705321311951,
        "mae": 0.4013369679450989,
        "mape": 32.73273849487305,
        "bias": 0.3517880439758301
      },
      "Moderado": {
        "n": 2305,
        "nse": 0.5181984901428223,
        "rmse": 2.809295415878296,
        "mae": 1.659409999847412,
        "mape": 17.09586524963379,
        "bias": 0.4352215826511383
      },
      "Alto": {
        "n": 437,
        "nse": 0.02067732810974121,
        "rmse": 7.314267158508301,
        "mae": 5.308550834655762,
        "mape": 18.620201110839844,
        "bias": -2.475679874420166
      },
      "Extremo": {
        "n": 59,
        "nse": -2.389040231704712,
        "rmse": 36.34539031982422,
        "mae": 27.28866958618164,
        "mape": 39.79087448120117,
        "bias": -8.864975929260254
      }
    }
  },
  "0.35": {
    "nse": 0.858905017375946,
    "rmse": 0.9014694094657898,
    "mae": 0.1343224048614502,
    "peak_err_pct": 58.7726577079247,
    "bias_base": -0.038814421743154526,
    "fp": 3635,
    "fn_gt10": 0,
    "fn_gt50": 0,
    "peak_real": 134.8083038330078,
    "peak_pred": 214.03872680664062,
    "ranges": {
      "Base": {
        "n": 152904,
        "nse": -5.89198112487793,
        "rmse": 0.2295677214860916,
        "mae": 0.06943991035223007,
        "mape": 2464.162841796875,
        "bias": -0.038814421743154526
      },
      "Leve": {
        "n": 9518,
        "nse": 0.40811687707901,
        "rmse": 0.8390838503837585,
        "mae": 0.4014187753200531,
        "mape": 32.742671966552734,
        "bias": 0.3504658043384552
      },