{
  "0.1": {
    "nse": 0.8640897274017334,
    "rmse": 0.884751558303833,
    "mae": 0.19401201605796814,
    "peak_err_pct": -21.01704204408998,
    "bias_base": 0.011256011202931404,
    "fp": 11961,
    "fn_gt10": 0,
    "fn_gt50": 0,
    "peak_real": 134.8083038330078,
    "peak_pred": 106.4755859375,
    "ranges": {
      "Base": {
        "n": 152904,
        "nse": -12.289682388305664,
        "rmse": 0.3187836706638336,
        "mae": 0.10494772344827652,
        "mape": 7882.14013671875,
        "bias": 0.011256011202931404
      },
      "Leve": {
        "n": 9518,
        "nse": -0.25645363330841064,
        "rmse": 1.222533106803894,
        "mae": 0.7060182094573975,
        "mape": 59.422462463378906,
        "bias": 0.5644403696060181
      },
      "Moderado": {
        "n": 2305,
        "nse": 0.19143402576446533,
        "rmse": 3.639326810836792,
        "mae": 2.42372465133667,
        "mape": 25.76200294494629,
        "bias": 1.4650280475616455
      },
      "Alto": {
        "n": 437,
        "nse": 0.020636260509490967,
        "rmse": 7.314420700073242,
        "mae": 5.536618232727051,
        "mape": 19.90041160583496,
        "bias": 0.05007608234882355
      },
      "Extremo": {
        "n": 59,
        "nse": -0.9855173826217651,
        "rmse": 27.81940269470215,
        "mae": 21.733081817626953,
        "mape": 30.34190559387207,
        "bias": -12.70562744140625
      }
    }
  },
  "0.15": {
    "nse": 0.8643920421600342,
    "rmse": 0.8837670087814331,
    "mae": 0.19183699786663055,
    "peak_err_pct": -21.01704204408998,
    "bias_base": 0.00704550975933671,
    "fp": 11055,
    "fn_gt10": 0,
    "fn_gt50": 0,
    "peak_real": 134.8083038330078,
    "peak_pred": 106.4755859375,
    "ranges": {
      "Base": {
        "n": 152904,
        "nse": -12.023356437683105,
        "rmse": 0.3155733048915863,
        "mae": 0.10239598900079727,
        "mape": 7262.98583984375,
        "bias": 0.00704550975933671
      },
      "Leve": {
        "n": 9518,
        "nse": -0.2585484981536865,
        "rmse": 1.2235517501831055,
        "mae": 0.7092545628547668,
        "mape": 59.91463088989258,
        "bias": 0.5604867339134216
      },
      "Moderado": {
        "n": 2305,
        "nse": 0.19143402576446533,
        "rmse": 3.639326810836792,
        "mae": 2.42372465133667,
        "mape": 25.76200294494629,
        "bias": 1.4650280475616455
      },
      "Alto": {
        "n": 437,
        "nse": 0.020636260509490967,
        "rmse": 7.314420700073242,
        "mae": 5.536618232727051,
        "mape": 19.90041160583496,
        "bias": 0.05007608234882355
      },
      "Extremo": {
        "n": 59,
        "nse": -0.9855173826217651,
        "rmse": 27.81940269470215,
        "mae": 21.733081817626953,
        "mape": 30.34190559387207,
        "bias": -12.70562744140625
      }
    }
  },
  "0.2": {
    "nse": 0.8647372722625732,
    "rmse": 0.8826413750648499,
    "mae": 0.189467191696167,
    "peak_err_pct": -21.01704204408998,
    "bias_base": 0.0026501340325921774,
    "fp": 10110,
    "fn_gt10": 0,
    "fn_gt50": 0,
    "peak_real": 134.8083038330078,
    "peak_pred": 106.4755859375,
    "ranges": {
      "Base": {
        "n": 152904,
        "nse": -11.718096733093262,
        "rmse": 0.31185293197631836,
        "mae": 0.09959183633327484,
        "mape": 6525.5869140625,
        "bias": 0.0026501340325921774
      },
      "Leve": {
        "n": 9518,
        "nse": -0.2610574960708618,
        "rmse": 1.2247707843780518,
        "mae": 0.7131651043891907,
        "mape": 60.517799377441406,
        "bias": 0.5545411109924316
      },
      "Moderado": {
        "n": 2305,
        "nse": 0.19143402576446533,
        "rmse": 3.639326810836792,
        "mae": 2.42372465133667,
        "mape": 25.76200294494629,
        "bias": 1.4650280475616455
      },
      "Alto": {
        "n": 437,
        "nse": 0.020636260509490967,
        "rmse": 7.314420700073242,
        "mae": 5.536618232727051,
        "mape": 19.90041160583496,
        "bias": 0.05007608234882355
      },
      "Extremo": {
        "n": 59,
        "nse": -0.9855173826217651,
        "rmse": 27.81940269470215,
        "mae": 21.733081817626953,
        "mape": 30.34190559387207,
        "bias": -12.70562744140625
      }
    }
  },
  "0.25": {
    "nse": 0.864995002746582,
    "rmse": 0.88180011510849,
    "mae": 0.18764141201972961,
    "peak_err_pct": -21.01704204408998,
    "bias_base": -0.001233810791745782,
    "fp": 9266,
    "fn_gt10": 0,
    "fn_gt50": 0,
    "peak_real": 134.8083038330078,
    "peak_pred": 106.4755859375,
    "ranges": {
      "Base": {
        "n": 152904,
        "nse": -11.475337982177734,
        "rmse": 0.3088623285293579,
        "mae": 0.09728514403104782,
        "mape": 5989.87939453125,
        "bias": -0.001233810791745782
      },
      "Leve": {
        "n": 9518,
        "nse": -0.26446473598480225,
        "rmse": 1.2264243364334106,
        "mae": 0.7185284495353699,
        "mape": 61.3612174987793,
        "bias": 0.5470634698867798
      },
      "Moderado": {
        "n": 2305,
        "nse": 0.19143402576446533,
        "rmse": 3.639326810836792,
        "mae": 2.42372465133667,
        "mape": 25.76200294494629,
        "bias": 1.4650280475616455
      },
      "Alto": {
        "n": 437,
        "nse": 0.020636260509490967,
        "rmse": 7.314420700073242,
        "mae": 5.536618232727051,
        "mape": 19.90041160583496,
        "bias": 0.05007608234882355
      },
      "Extremo": {
        "n": 59,
        "nse": -0.9855173826217651,
        "rmse": 27.81940269470215,
        "mae": 21.733081817626953,
        "mape": 30.34190559387207,
        "bias": -12.70562744140625
      }
    }
  },
  "0.3": {
    "nse": 0.8652220964431763,
    "rmse": 0.8810581564903259,
    "mae": 0.18582800030708313,
    "peak_err_pct": -21.01704204408998,
    "bias_base": -0.005133634898811579,
    "fp": 8427,
    "fn_gt10": 0,
    "fn_gt50": 0,
    "peak_real": 134.8083038330078,
    "peak_pred": 106.4755859375,
    "ranges": {
      "Base": {
        "n": 152904,
        "nse": -11.255169868469238,
        "rmse": 0.306124746799469,
        "mae": 0.09499119222164154,
        "mape": 5604.646484375,
        "bias": -0.005133634898811579
      },
      "Leve": {
        "n": 9518,
        "nse": -0.26811468601226807,
        "rmse": 1.2281930446624756,
        "mae": 0.7239010334014893,
        "mape": 62.16529083251953,
        "bias": 0.5393932461738586
      },
      "Moderado": {
        "n": 2305,
        "nse": 0.19143402576446533,
        "rmse": 3.639326810836792,
        "mae": 2.42372465133667,
        "mape": 25.76200294494629,
        "bias": 1.4650280475616455
      },
      "Alto": {
        "n": 437,
        "nse": 0.020636260509490967,
        "rmse": 7.314420700073242,
        "mae": 5.536618232727051,
        "mape": 19.90041160583496,
        "bias": 0.05007608234882355
      },
      "Extremo": {
        "n": 59,
        "nse": -0.9855173826217651,
        "rmse": 27.81940269470215,
        "mae": 21.733081817626953,
        "mape": 30.34190559387207,
        "bias": -12.70562744140625
      }
    }
  },
  "0.35": {
    "nse": 0.8654607534408569,
    "rmse": 0.8802776336669922,
    "mae": 0.18420228362083435,
    "peak_err_pct": -21.01704204408998,
    "bias_base": -0.008830441161990166,
    "fp": 7657,
    "fn_gt10": 0,
    "fn_gt50": 0,
    "peak_real": 134.8083038330078,
    "peak_pred": 106.4755859375,
    "ranges": {
      "Base": {
        "n": 152904,
        "nse": -11.024419784545898,
        "rmse": 0.30322906374931335,
        "mae": 0.09291787445545197,
        "mape": 5200.64208984375,
        "bias": -0.008830441161990166
      },
      "Leve": {
        "n": 9518,
        "nse": -0.27188193798065186,
        "rmse": 1.2300159931182861,
        "mae": 0.7289871573448181,
        "mape": 62.90238952636719,
        "bias": 0.5326207876205444
      },